Datetime,Tide,Weather Condition,Water temperature (ÂºC),Supratidal/Middle Intertidal,puddle,rock,sand,pebble,canal,sea,Coverage (%),Season,Moon phase,Coverage (%) smooth,Previous Coverage (%),Previous Coverage (%) smooth,Time difference (hours),Weather Condition encoded,Season encoded,Moon phase encoded,Supratidal/Middle Intertidal encoded
2011-11-28 10:25:00,0.6,Clear sky,16.0,medium,0.0,1.0,0.0,0.0,0.0,0.0,99.5,autumn,Waxing Crescent,99.5,100.0,100.0,0.0,0,0,6,0
2011-11-28 10:40:00,0.6,Clear sky,16.0,medium,0.0,1.0,0.0,0.0,0.0,0.0,66.45,autumn,Waxing Crescent,83.05833333333334,99.5,99.5,0.0,0,0,6,0
2011-11-28 12:20:00,0.6,Clear sky,16.0,supra,0.0,1.0,0.0,0.0,0.0,0.0,93.3,autumn,Waxing Crescent,85.38333333333333,66.45,83.05833333333334,1.0,0,0,6,1
2011-11-28 12:35:00,0.6,Clear sky,16.0,supra,0.0,1.0,0.0,0.0,0.0,0.0,0.1,autumn,Waxing Crescent,42.224999999999994,93.3,85.38333333333333,0.0,0,0,6,1
2011-12-12 09:30:00,0.9,Clear sky,16.0,medium,0.0,1.0,1.0,0.0,0.0,0.0,46.0,autumn,Waxing Gibbous,38.58333333333333,0.1,42.224999999999994,332.0,0,0,7,0
2011-12-12 09:45:00,0.9,Clear sky,16.0,medium,0.0,1.0,0.0,0.0,0.0,0.0,21.6,autumn,Waning Gibbous,26.15,46.0,38.58333333333333,0.0,0,0,5,0
2011-12-12 10:00:00,0.9,Clear sky,16.0,medium,0.0,1.0,0.0,0.0,0.0,0.0,27.5,autumn,Waning Gibbous,28.616666666666667,21.6,26.15,0.0,0,0,5,0
2011-12-12 12:30:00,0.9,Clear sky,16.0,supra,0.0,1.0,0.0,0.0,0.0,0.0,0.0,autumn,Waning Gibbous,12.766666666666666,27.5,28.616666666666667,2.0,0,0,5,1
2011-12-12 12:45:00,0.9,Clear sky,16.0,supra,0.0,1.0,0.0,0.0,0.0,0.0,0.0,autumn,Waning Gibbous,4.583333333333333,0.0,12.766666666666666,0.0,0,0,5,1
2012-01-11 09:30:00,0.7,Clear sky,15.0,medium,0.0,1.0,0.0,0.0,0.0,0.0,71.8,winter,Waning Gibbous,35.9,0.0,4.583333333333333,716.0,0,3,5,0
2012-01-11 09:45:00,0.7,Clear sky,15.0,medium,1.0,1.0,0.0,0.0,0.0,0.0,97.1,winter,Waning Gibbous,72.48333333333332,71.8,35.9,0.0,0,3,5,0
2012-01-11 10:00:00,0.7,Clear sky,15.0,medium,0.0,1.0,0.0,0.0,0.0,0.0,93.1,winter,Waning Gibbous,90.88333333333333,97.1,72.48333333333332,0.0,0,3,5,0
2012-01-11 12:15:00,0.7,Clear sky,15.0,supra,0.0,1.0,0.0,0.0,0.0,0.0,18.0,winter,Waning Gibbous,56.21666666666666,93.1,90.88333333333333,2.0,0,3,5,1
2012-01-11 12:30:00,0.7,Clear sky,15.0,supra,0.0,1.0,0.0,0.0,0.0,0.0,43.7,winter,Waning Gibbous,43.36666666666667,18.0,56.21666666666666,0.0,0,3,5,1
2012-01-24 09:30:00,0.6,Clear sky,17.0,medium,1.0,1.0,0.0,0.0,0.0,0.0,69.1,winter,Waning Crescent,52.11666666666666,43.7,43.36666666666667,309.0,0,3,4,0
2012-01-24 09:45:00,0.6,Clear sky,17.0,medium,1.0,0.0,0.0,0.0,0.0,0.0,47.3,winter,Waxing Crescent,53.96666666666666,69.1,52.11666666666666,0.0,0,3,6,0
2012-01-24 10:00:00,0.6,Clear sky,17.0,medium,1.0,1.0,0.0,0.0,0.0,0.0,87.2,winter,Waxing Crescent,70.88333333333333,47.3,53.96666666666666,0.0,0,3,6,0
2012-01-24 12:00:00,0.6,Clear sky,17.0,supra,0.0,0.0,0.0,1.0,0.0,0.0,0.0,winter,Waxing Crescent,36.95,87.2,70.88333333333333,2.0,0,3,6,1
2012-01-24 12:15:00,0.6,Clear sky,17.0,supra,0.0,0.0,1.0,0.0,0.0,0.0,0.0,winter,Waxing Crescent,14.533333333333333,0.0,36.95,0.0,0,3,6,1
2012-02-10 10:00:00,0.5,Clear sky,13.0,supra,0.0,1.0,0.0,0.0,0.0,0.0,81.0,winter,Waxing Gibbous,40.5,0.0,14.533333333333333,405.0,0,3,7,1
2012-02-10 10:15:00,0.5,Clear sky,13.0,medium,1.0,0.0,0.0,0.0,0.0,0.0,94.3,winter,Waning Gibbous,74.15,81.0,40.5,0.0,0,3,5,0
2012-02-10 10:30:00,0.5,Clear sky,13.0,medium,1.0,0.0,0.0,0.0,0.0,0.0,65.85,winter,Waning Gibbous,77.85833333333332,94.3,74.15,0.0,0,3,5,0
2012-02-10 12:00:00,0.5,Clear sky,13.0,medium,1.0,1.0,0.0,0.0,0.0,0.0,93.5,winter,Waning Gibbous,84.41666666666666,65.85,77.85833333333332,1.0,0,3,5,0
2012-02-10 12:45:00,0.5,Clear sky,13.0,supra,0.0,1.0,0.0,0.0,0.0,0.0,0.01,winter,Waning Gibbous,42.14666666666667,93.5,84.41666666666666,0.0,0,3,5,1
2012-02-23 09:00:00,0.7,Clear sky,16.0,medium,0.0,1.0,0.0,0.0,0.0,0.0,9.2,winter,Waning Crescent,20.186666666666667,0.01,42.14666666666667,308.0,0,3,4,0
2012-02-23 09:15:00,0.7,Clear sky,16.0,medium,0.0,1.0,0.0,0.0,0.0,0.0,84.2,winter,Waxing Crescent,45.16833333333334,9.2,20.186666666666667,0.0,0,3,6,0
2012-02-23 09:30:00,0.7,Clear sky,16.0,medium,0.0,1.0,0.0,0.0,0.0,0.0,70.6,winter,Waxing Crescent,64.9,84.2,45.16833333333334,0.0,0,3,6,0
2012-02-23 12:00:00,0.7,Clear sky,16.0,supra,0.0,1.0,0.0,0.0,0.0,0.0,47.6,winter,Waxing Crescent,61.36666666666666,70.6,64.9,2.0,0,3,6,1
2012-02-23 12:15:00,0.7,Clear sky,16.0,supra,0.0,0.0,0.0,1.0,0.0,0.0,0.0,winter,Waxing Crescent,27.633333333333333,47.6,61.36666666666666,0.0,0,3,6,1
2012-03-08 09:00:00,0.5,Clear sky,16.0,medium,0.0,1.0,0.0,0.0,0.0,0.0,38.55,winter,Full Moon,27.208333333333332,0.0,27.633333333333333,332.0,0,3,0,0
2012-03-08 09:15:00,0.5,Clear sky,16.0,medium,0.0,1.0,0.0,0.0,0.0,0.0,33.86,winter,Full Moon,29.779999999999998,38.55,27.208333333333332,0.0,0,3,0,0
2012-03-08 09:30:00,0.5,Clear sky,16.0,medium,0.0,1.0,0.0,0.0,0.0,0.0,91.4,winter,Full Moon,63.41166666666667,33.86,29.779999999999998,0.0,0,3,0,0
2012-03-08 12:00:00,0.5,Clear sky,16.0,supra,0.0,1.0,0.0,0.0,0.0,0.0,39.5,winter,Full Moon,55.86,91.4,63.41166666666667,2.0,0,3,0,1
2012-03-08 12:15:00,0.5,Clear sky,16.0,supra,0.0,1.0,1.0,0.0,0.0,0.0,23.21,winter,Full Moon,40.004999999999995,39.5,55.86,0.0,0,3,0,1
2012-03-21 08:15:00,0.8,Clear sky,15.0,medium,0.0,1.0,0.0,0.0,0.0,0.0,99.85,spring,Waning Crescent,64.245,23.21,40.004999999999995,308.0,0,1,4,0
2012-03-21 08:30:00,0.8,Clear sky,15.0,medium,0.0,1.0,0.0,0.0,0.0,0.0,90.31,spring,Waning Crescent,82.30666666666667,99.85,64.245,0.0,0,1,4,0
2012-03-21 08:45:00,0.8,Clear sky,15.0,medium,0.0,1.0,1.0,0.0,0.0,0.0,17.7,spring,Waning Crescent,55.595,90.31,82.30666666666667,0.0,0,1,4,0
2012-03-21 11:15:00,0.8,Clear sky,15.0,supra,0.0,1.0,0.0,0.0,0.0,0.0,28.9,spring,Waning Crescent,35.401666666666664,17.7,55.595,2.0,0,1,4,1
2012-03-21 11:30:00,0.8,Clear sky,15.0,supra,0.0,1.0,0.0,0.0,0.0,0.0,53.0,spring,Waning Crescent,39.08333333333333,28.9,35.401666666666664,0.0,0,1,4,1
2012-04-10 11:00:00,0.8,Clear sky,17.0,medium,1.0,0.0,0.0,0.0,0.0,0.0,82.9,spring,Waxing Gibbous,63.93333333333334,53.0,39.08333333333333,479.0,0,1,7,0
2012-04-10 11:15:00,0.8,Clear sky,17.0,medium,0.0,1.0,0.0,0.0,0.0,0.0,72.7,spring,Waning Gibbous,72.81666666666666,82.9,63.93333333333334,0.0,0,1,5,0
2012-04-10 11:30:00,0.8,Clear sky,17.0,medium,1.0,1.0,0.0,0.0,0.0,0.0,42.9,spring,Waning Gibbous,59.5,72.7,72.81666666666666,0.0,0,1,5,0
2012-04-10 12:00:00,0.8,Clear sky,17.0,supra,0.0,1.0,0.0,0.0,0.0,0.0,0.0,spring,Waning Gibbous,26.416666666666664,42.9,59.5,0.0,0,1,5,1
2012-04-10 12:15:00,0.8,Clear sky,17.0,supra,0.0,1.0,0.0,0.0,0.0,0.0,3.0,spring,Waning Gibbous,8.649999999999999,0.0,26.416666666666664,0.0,0,1,5,1
2012-04-23 11:00:00,0.9,Cloudy,16.5,medium,0.0,1.0,0.0,0.0,0.0,0.0,41.6,spring,Waning Crescent,21.8,3.0,8.649999999999999,310.0,1,1,4,0
2012-04-23 11:15:00,0.9,Cloudy,16.5,medium,0.0,1.0,0.0,0.0,0.0,0.0,37.15,spring,Waxing Crescent,32.94166666666666,41.6,21.8,0.0,1,1,6,0
2012-04-23 11:30:00,0.9,Cloudy,16.5,medium,0.0,1.0,0.0,0.0,0.0,0.0,27.85,spring,Waxing Crescent,33.24166666666667,37.15,32.94166666666666,0.0,1,1,6,0
2012-04-23 12:00:00,0.9,Cloudy,16.5,supra,0.0,1.0,0.0,0.0,0.0,0.0,31.5,spring,Waxing Crescent,31.225,27.85,33.24166666666667,0.0,1,1,6,1
2012-04-23 12:15:00,0.9,Cloudy,16.5,supra,0.0,1.0,0.0,0.0,0.0,0.0,0.22,spring,Waxing Crescent,15.251666666666665,31.5,31.225,0.0,1,1,6,1
2012-05-10 10:00:00,1.0,Clear sky,19.0,supra,1.0,1.0,0.0,0.0,0.0,0.0,71.9,spring,Waxing Gibbous,41.27333333333333,0.22,15.251666666666665,405.0,0,1,7,1
2012-05-10 10:15:00,1.0,Clear sky,19.0,supra,0.0,1.0,0.0,0.0,0.0,0.0,14.8,spring,Waning Gibbous,31.403333333333336,71.9,41.27333333333333,0.0,0,1,5,1
2012-05-10 10:30:00,1.0,Clear sky,19.0,medium,0.0,1.0,1.0,0.0,0.0,0.0,31.3,spring,Waning Gibbous,32.56666666666667,14.8,31.403333333333336,0.0,0,1,5,0
2012-05-10 10:45:00,1.0,Clear sky,19.0,medium,0.0,1.0,1.0,0.0,0.0,0.0,26.45,spring,Waning Gibbous,26.125,31.3,32.56666666666667,0.0,0,1,5,0
2012-05-10 11:00:00,1.0,Clear sky,19.0,medium,0.0,1.0,1.0,0.0,0.0,0.0,25.0,spring,Waning Gibbous,26.53333333333333,26.45,26.125,0.0,0,1,5,0
2012-05-23 09:45:00,1.0,Clear sky,18.0,medium,0.0,1.0,0.0,0.0,0.0,0.0,28.15,spring,Waning Crescent,26.816666666666663,25.0,26.53333333333333,310.0,0,1,4,0
2012-05-23 10:00:00,1.0,Clear sky,18.0,medium,0.0,1.0,0.0,0.0,0.0,0.0,25.7,spring,Waxing Crescent,26.4,28.15,26.816666666666663,0.0,0,1,6,0
2012-05-23 10:15:00,1.0,Clear sky,18.0,medium,1.0,1.0,0.0,0.0,0.0,0.0,46.8,spring,Waxing Crescent,36.65833333333333,25.7,26.4,0.0,0,1,6,0
2012-05-23 12:30:00,1.0,Clear sky,18.0,supra,0.0,1.0,0.0,0.0,0.0,0.0,0.0,spring,Waxing Crescent,19.883333333333333,46.8,36.65833333333333,2.0,0,1,6,1
2012-05-23 12:45:00,1.0,Clear sky,18.0,supra,0.0,1.0,0.0,0.0,0.0,0.0,0.0,spring,Waxing Crescent,7.799999999999999,0.0,19.883333333333333,0.0,0,1,6,1
2012-06-07 09:45:00,0.8,Clear sky,20.0,medium,1.0,1.0,1.0,0.0,0.0,0.0,25.2,spring,Waxing Gibbous,12.6,0.0,7.799999999999999,357.0,0,1,7,0
2012-06-07 10:00:00,0.8,Clear sky,20.0,medium,0.0,0.0,1.0,0.0,0.0,0.0,12.6,spring,Waning Gibbous,14.7,25.2,12.6,0.0,0,1,5,0
2012-06-07 10:15:00,0.8,Clear sky,20.0,medium,0.0,0.0,1.0,0.0,0.0,0.0,22.6,spring,Waning Gibbous,19.7,12.6,14.7,0.0,0,1,5,0
2012-06-07 12:30:00,0.8,Clear sky,20.0,supra,1.0,1.0,0.0,0.0,0.0,0.0,83.5,spring,Waning Gibbous,51.38333333333333,22.6,19.7,2.0,0,1,5,1
2012-06-07 12:45:00,0.8,Clear sky,20.0,supra,0.0,1.0,0.0,0.0,0.0,0.0,34.55,spring,Waning Gibbous,48.875,83.5,51.38333333333333,0.0,0,1,5,1
2012-06-22 09:45:00,1.0,Clear sky,20.0,medium,0.0,1.0,1.0,0.0,0.0,0.0,36.65,summer,Waning Crescent,43.758333333333326,34.55,48.875,357.0,0,2,4,0
2012-06-22 10:00:00,1.0,Clear sky,20.0,medium,0.0,1.0,1.0,0.0,0.0,0.0,25.1,summer,Waxing Crescent,30.525,36.65,43.758333333333326,0.0,0,2,6,0
2012-06-22 10:15:00,1.0,Clear sky,20.0,medium,0.0,1.0,0.0,0.0,0.0,0.0,20.2,summer,Waxing Crescent,24.575,25.1,30.525,0.0,0,2,6,0
2012-06-22 12:30:00,1.0,Clear sky,20.0,supra,0.0,1.0,0.0,0.0,0.0,0.0,67.7,summer,Waxing Crescent,44.766666666666666,20.2,24.575,2.0,0,2,6,1
2012-06-22 12:45:00,1.0,Clear sky,20.0,supra,1.0,0.0,0.0,1.0,0.0,0.0,95.0,summer,Waxing Crescent,73.43333333333334,67.7,44.766666666666666,0.0,0,2,6,1
2012-07-04 09:15:00,0.7,Clear sky,18.0,medium,0.0,0.0,1.0,0.0,0.0,0.0,15.7,summer,Full Moon,50.8,95.0,73.43333333333334,284.0,0,2,0,0
2012-07-04 09:30:00,0.7,Clear sky,18.0,medium,0.0,0.0,1.0,0.0,0.0,0.0,29.9,summer,Full Moon,36.016666666666666,15.7,50.8,0.0,0,2,0,0
2012-07-04 09:45:00,0.7,Clear sky,18.0,medium,0.0,1.0,1.0,0.0,0.0,0.0,32.4,summer,Full Moon,28.78333333333333,29.9,36.016666666666666,0.0,0,2,0,0
2012-07-04 12:15:00,0.7,Clear sky,18.0,supra,0.0,1.0,0.0,0.0,0.0,0.0,62.5,summer,Full Moon,47.03333333333333,32.4,28.78333333333333,2.0,0,2,0,1
2012-07-04 12:30:00,0.7,Clear sky,18.0,supra,0.0,1.0,0.0,0.0,0.0,0.0,6.5,summer,Full Moon,29.48333333333333,62.5,47.03333333333333,0.0,0,2,0,1
2012-07-20 09:15:00,0.9,Clear sky,20.0,medium,1.0,1.0,0.0,0.0,0.0,0.0,89.4,summer,Waning Crescent,57.28333333333333,6.5,29.48333333333333,380.0,0,2,4,0
2012-07-20 09:30:00,0.9,Clear sky,20.0,medium,1.0,1.0,0.0,0.0,0.0,0.0,90.3,summer,Waxing Crescent,76.03333333333333,89.4,57.28333333333333,0.0,0,2,6,0
2012-07-20 09:45:00,0.9,Clear sky,20.0,medium,0.0,1.0,0.0,0.0,0.0,0.0,93.2,summer,Waxing Crescent,91.6,90.3,76.03333333333333,0.0,0,2,6,0
2012-07-20 12:15:00,0.9,Clear sky,20.0,supra,0.0,1.0,0.0,0.0,0.0,0.0,1.0,summer,Waxing Crescent,46.61666666666667,93.2,91.6,2.0,0,2,6,1
2012-07-20 12:30:00,0.9,Clear sky,20.0,supra,0.0,1.0,0.0,0.0,0.0,0.0,0.0,summer,Waxing Crescent,15.866666666666667,1.0,46.61666666666667,0.0,0,2,6,1
2012-08-03 09:15:00,0.7,Clear sky,17.5,medium,1.0,1.0,0.0,0.0,0.0,0.0,88.3,summer,Waxing Gibbous,44.31666666666666,0.0,15.866666666666667,332.0,0,2,7,0
2012-08-03 09:30:00,0.7,Clear sky,17.5,medium,1.0,1.0,0.0,0.0,0.0,0.0,99.6,summer,Waning Gibbous,79.23333333333332,88.3,44.31666666666666,0.0,0,2,5,0
2012-08-03 09:45:00,0.7,Clear sky,17.5,medium,1.0,1.0,0.0,0.0,0.0,0.0,99.25,summer,Waning Gibbous,97.54166666666666,99.6,79.23333333333332,0.0,0,2,5,0
2012-08-03 12:15:00,0.7,Clear sky,17.5,supra,0.0,1.0,0.0,0.0,0.0,0.0,0.0,summer,Waning Gibbous,49.68333333333332,99.25,97.54166666666666,2.0,0,2,5,1
2012-08-03 12:30:00,0.7,Clear sky,17.5,supra,0.0,1.0,0.0,0.0,0.0,0.0,36.0,summer,Waning Gibbous,34.541666666666664,0.0,49.68333333333332,0.0,0,2,5,1
2012-08-21 09:15:00,0.7,Clear sky,21.0,medium,0.0,1.0,0.0,0.0,0.0,0.0,98.0,summer,Waning Crescent,61.0,36.0,34.541666666666664,428.0,0,2,4,0
2012-08-21 09:30:00,0.7,Clear sky,21.0,medium,1.0,1.0,0.0,0.0,0.0,0.0,75.0,summer,Waxing Crescent,76.16666666666666,98.0,61.0,0.0,0,2,6,0
2012-08-21 09:45:00,0.7,Clear sky,21.0,medium,0.0,1.0,0.0,0.0,0.0,0.0,63.6,summer,Waxing Crescent,73.13333333333333,75.0,76.16666666666666,0.0,0,2,6,0
2012-08-21 12:15:00,0.7,Clear sky,21.0,supra,0.0,1.0,0.0,0.0,0.0,0.0,0.1,summer,Waxing Crescent,33.75,63.6,73.13333333333333,2.0,0,2,6,1
2012-08-21 12:30:00,0.7,Clear sky,21.0,supra,1.0,1.0,0.0,0.0,0.0,0.0,28.2,summer,Waxing Crescent,24.733333333333334,0.1,33.75,0.0,0,2,6,1
2012-09-19 09:15:00,0.6,Clear sky,21.0,medium,0.0,1.0,1.0,0.0,0.0,0.0,92.2,summer,Waning Crescent,55.516666666666666,28.2,24.733333333333334,692.0,0,2,4,0
2012-09-19 09:30:00,0.6,Clear sky,21.0,medium,0.0,1.0,1.0,0.0,0.0,0.0,83.0,summer,Waxing Crescent,76.93333333333334,92.2,55.516666666666666,0.0,0,2,6,0
2012-09-19 09:45:00,0.6,Clear sky,21.0,medium,0.0,1.0,1.0,0.0,0.0,0.0,96.5,summer,Waxing Crescent,91.28333333333333,83.0,76.93333333333334,0.0,0,2,6,0
2012-09-19 12:15:00,0.6,Clear sky,21.0,supra,0.0,1.0,0.0,0.0,0.0,0.0,83.5,summer,Waxing Crescent,87.75,96.5,91.28333333333333,2.0,0,2,6,1
2012-09-19 12:30:00,0.6,Clear sky,21.0,supra,1.0,1.0,0.0,0.0,0.0,0.0,82.25,summer,Waxing Crescent,85.04166666666666,83.5,87.75,0.0,0,2,6,1
2012-10-29 08:30:00,0.9,Clear sky,15.0,medium,0.0,1.0,1.0,0.0,0.0,0.0,16.5,autumn,Full Moon,49.58333333333333,82.25,85.04166666666666,956.0,0,0,0,0
2012-10-29 08:45:00,0.9,Clear sky,15.0,medium,0.0,1.0,1.0,0.0,0.0,0.0,45.1,autumn,Full Moon,41.75833333333333,16.5,49.58333333333333,0.0,0,0,0,0
2012-10-29 09:00:00,0.9,Clear sky,15.0,medium,0.0,1.0,1.0,0.0,0.0,0.0,50.1,autumn,Full Moon,42.83333333333333,45.1,41.75833333333333,0.0,0,0,0,0
2012-10-29 11:15:00,0.9,Clear sky,15.0,supra,1.0,1.0,0.0,0.0,0.0,0.0,32.0,autumn,Full Moon,40.21666666666667,50.1,42.83333333333333,2.0,0,0,0,1
2012-10-29 11:30:00,0.9,Clear sky,15.0,supra,1.0,1.0,0.0,0.0,0.0,0.0,32.55,autumn,Full Moon,35.291666666666664,32.0,40.21666666666667,0.0,0,0,0,1
2012-11-28 08:15:00,1.0,Clear sky,15.0,medium,0.0,1.0,0.0,0.0,0.0,0.0,98.4,autumn,Full Moon,65.38333333333333,32.55,35.291666666666664,716.0,0,0,0,0
2012-11-28 08:30:00,1.0,Clear sky,15.0,medium,0.0,1.0,1.0,0.0,0.0,0.0,98.3,autumn,Full Moon,87.375,98.4,65.38333333333333,0.0,0,0,0,0
2012-11-28 08:45:00,1.0,Clear sky,15.0,medium,0.0,1.0,1.0,0.0,0.0,0.0,97.1,autumn,Full Moon,97.71666666666667,98.3,87.375,0.0,0,0,0,0
2012-11-28 10:30:00,1.0,Clear sky,15.0,supra,0.0,1.0,1.0,0.0,0.0,0.0,0.0,autumn,Full Moon,48.74999999999999,97.1,97.71666666666667,1.0,0,0,0,1
2012-11-28 10:45:00,1.0,Clear sky,15.0,supra,0.0,1.0,0.0,0.0,0.0,0.0,0.0,autumn,Full Moon,16.18333333333333,0.0,48.74999999999999,0.0,0,0,0,1
2012-12-17 09:15:00,0.5,Clear sky,16.0,supra,1.0,1.0,0.0,0.0,0.0,0.0,85.4,autumn,Waning Crescent,42.7,0.0,16.18333333333333,454.0,0,0,4,1
2012-12-17 09:30:00,0.5,Clear sky,16.0,medium,0.0,1.0,1.0,0.0,0.0,0.0,56.5,autumn,Waxing Crescent,56.71666666666667,85.4,42.7,0.0,0,0,6,0
2012-12-17 09:45:00,0.5,Clear sky,16.0,medium,1.0,1.0,1.0,0.0,0.0,0.0,60.2,autumn,Waxing Crescent,63.166666666666664,56.5,56.71666666666667,0.0,0,0,6,0
2012-12-17 11:00:00,0.5,Clear sky,16.0,medium,0.0,1.0,1.0,0.0,0.0,0.0,70.2,autumn,Waxing Crescent,64.58333333333334,60.2,63.166666666666664,1.0,0,0,6,0
2012-12-17 11:30:00,0.5,Clear sky,16.0,supra,1.0,1.0,0.0,0.0,0.0,0.0,54.0,autumn,Waxing Crescent,60.43333333333333,70.2,64.58333333333334,0.0,0,0,6,1
2013-01-30 09:15:00,0.7,Clear sky,15.0,medium,0.0,1.0,0.0,0.0,0.0,0.0,95.8,winter,Waxing Gibbous,77.6,54.0,60.43333333333333,1053.0,0,3,7,0
2013-01-30 09:30:00,0.7,Clear sky,15.0,medium,1.0,1.0,0.0,0.0,0.0,0.0,78.0,winter,Waning Gibbous,79.93333333333334,95.8,77.6,0.0,0,3,5,0
2013-01-30 09:45:00,0.7,Clear sky,15.0,medium,0.0,1.0,1.0,0.0,0.0,0.0,82.2,winter,Waning Gibbous,83.06666666666666,78.0,79.93333333333334,0.0,0,3,5,0
2013-01-30 12:00:00,0.7,Clear sky,15.0,supra,0.0,1.0,0.0,0.0,0.0,0.0,0.0,winter,Waning Gibbous,40.4,82.2,83.06666666666666,2.0,0,3,5,1
2013-01-30 12:30:00,0.7,Clear sky,15.0,supra,1.0,1.0,0.0,0.0,0.0,0.0,35.0,winter,Waning Gibbous,31.2,0.0,40.4,0.0,0,3,5,1
2013-02-14 09:15:00,0.7,Clear sky,14.0,medium,0.0,1.0,0.0,0.0,0.0,0.0,55.7,winter,Waning Crescent,39.516666666666666,35.0,31.2,356.0,0,3,4,0
2013-02-14 09:30:00,0.7,Clear sky,14.0,medium,0.0,1.0,1.0,0.0,0.0,0.0,98.8,winter,Waxing Crescent,73.8,55.7,39.516666666666666,0.0,0,3,6,0
2013-02-14 09:45:00,0.7,Clear sky,14.0,medium,0.0,1.0,1.0,0.0,0.0,0.0,99.3,winter,Waxing Crescent,91.86666666666666,98.8,73.8,0.0,0,3,6,0
2013-02-14 12:00:00,0.7,Clear sky,14.0,supra,0.0,1.0,0.0,1.0,0.0,0.0,0.0,winter,Waxing Crescent,49.56666666666666,99.3,91.86666666666666,2.0,0,3,6,1
2013-02-14 12:30:00,0.7,Clear sky,14.0,supra,0.0,1.0,1.0,0.0,0.0,0.0,68.1,winter,Waxing Crescent,50.599999999999994,0.0,49.56666666666666,0.0,0,3,6,1
2013-04-12 09:15:00,0.8,Clear sky,16.0,medium,1.0,1.0,1.0,0.0,0.0,0.0,49.2,spring,Waning Crescent,47.3,68.1,50.599999999999994,1364.0,0,1,4,0
2013-04-12 09:30:00,0.8,Clear sky,16.0,medium,1.0,1.0,1.0,0.0,0.0,0.0,52.1,spring,Waxing Crescent,53.8,49.2,47.3,0.0,0,1,6,0
2013-04-12 09:45:00,0.8,Clear sky,16.0,medium,0.0,1.0,1.0,0.0,0.0,0.0,36.2,spring,Waxing Crescent,43.66666666666667,52.1,53.8,0.0,0,1,6,0
2013-04-12 12:15:00,0.8,Clear sky,16.0,supra,1.0,1.0,0.0,0.0,0.0,0.0,19.0,spring,Waxing Crescent,30.25,36.2,43.66666666666667,2.0,0,1,6,1
2013-04-12 12:30:00,0.8,Clear sky,16.0,supra,0.0,1.0,0.0,0.0,0.0,0.0,21.2,spring,Waxing Crescent,22.96666666666667,19.0,30.25,0.0,0,1,6,1
2013-05-28 09:15:00,0.8,Clear sky,15.0,medium,0.0,1.0,0.0,0.0,0.0,0.0,100.0,spring,Waxing Gibbous,60.233333333333334,21.2,22.96666666666667,1100.0,0,1,7,0
2013-05-28 09:30:00,0.8,Clear sky,15.0,medium,1.0,1.0,0.0,0.0,0.0,0.0,96.3,spring,Waning Gibbous,85.01666666666665,100.0,60.233333333333334,0.0,0,1,5,0
2013-05-28 09:45:00,0.8,Clear sky,15.0,medium,1.0,1.0,0.0,0.0,0.0,0.0,98.45,spring,Waning Gibbous,97.99166666666666,96.3,85.01666666666665,0.0,0,1,5,0
2013-05-28 12:00:00,0.8,Clear sky,15.0,supra,0.0,1.0,0.0,0.0,0.0,0.0,0.0,spring,Waning Gibbous,48.86666666666666,98.45,97.99166666666666,2.0,0,1,5,1
2013-05-28 12:30:00,0.8,Clear sky,15.0,supra,0.0,1.0,1.0,0.0,0.0,0.0,0.0,spring,Waning Gibbous,16.40833333333333,0.0,48.86666666666666,0.0,0,1,5,1
2013-06-25 09:15:00,0.6,Clear sky,17.0,medium,0.0,1.0,0.0,0.0,0.0,0.0,100.0,summer,Waxing Gibbous,50.0,0.0,16.40833333333333,668.0,0,2,7,0
2013-06-25 09:30:00,0.6,Clear sky,17.0,medium,0.0,1.0,0.0,0.0,0.0,0.0,98.0,summer,Waning Gibbous,82.33333333333333,100.0,50.0,0.0,0,2,5,0
2013-06-25 09:45:00,0.6,Clear sky,17.0,medium,0.0,1.0,0.0,0.0,0.0,0.0,98.3,summer,Waning Gibbous,98.48333333333332,98.0,82.33333333333333,0.0,0,2,5,0
2013-06-25 12:00:00,0.6,Clear sky,17.0,supra,0.0,1.0,0.0,0.0,0.0,0.0,0.0,summer,Waning Gibbous,49.099999999999994,98.3,98.48333333333332,2.0,0,2,5,1
2013-06-25 12:30:00,0.6,Clear sky,17.0,supra,0.0,1.0,0.0,0.0,0.0,0.0,0.0,summer,Waning Gibbous,16.383333333333333,0.0,49.099999999999994,0.0,0,2,5,1
2013-07-24 09:15:00,0.5,Clear sky,19.0,medium,0.0,1.0,0.0,0.0,0.0,0.0,58.9,summer,Waxing Gibbous,29.45,0.0,16.383333333333333,692.0,0,2,7,0
2013-07-24 09:30:00,0.5,Clear sky,19.0,medium,0.0,1.0,0.0,0.0,0.0,0.0,98.5,summer,Waning Gibbous,68.88333333333333,58.9,29.45,0.0,0,2,5,0
2013-07-24 09:45:00,0.5,Clear sky,19.0,medium,0.0,1.0,0.0,0.0,0.0,0.0,57.6,summer,Waning Gibbous,71.44999999999999,98.5,68.88333333333333,0.0,0,2,5,0
2013-07-24 12:00:00,0.5,Clear sky,19.0,supra,0.0,1.0,0.0,0.0,0.0,0.0,0.0,summer,Waning Gibbous,35.61666666666666,57.6,71.44999999999999,2.0,0,2,5,1
2013-07-24 12:30:00,0.5,Clear sky,19.0,supra,0.0,1.0,0.0,0.0,0.0,0.0,0.0,summer,Waning Gibbous,9.6,0.0,35.61666666666666,0.0,0,2,5,1
2013-08-22 09:15:00,0.5,Clear sky,19.0,medium,1.0,1.0,0.0,0.0,0.0,0.0,99.6,summer,Waxing Gibbous,49.8,0.0,9.6,692.0,0,2,7,0
2013-08-22 09:30:00,0.5,Clear sky,19.0,medium,1.0,1.0,0.0,0.0,0.0,0.0,96.35,summer,Waning Gibbous,81.375,99.6,49.8,0.0,0,2,5,0
2013-08-22 09:45:00,0.5,Clear sky,19.0,medium,1.0,1.0,1.0,0.0,0.0,0.0,95.1,summer,Waning Gibbous,96.26666666666665,96.35,81.375,0.0,0,2,5,0
2013-08-22 12:00:00,0.5,Clear sky,19.0,supra,0.0,1.0,0.0,0.0,0.0,0.0,0.0,summer,Waning Gibbous,47.758333333333326,95.1,96.26666666666665,2.0,0,2,5,1
2013-08-22 12:30:00,0.5,Clear sky,19.0,supra,0.0,1.0,0.0,0.0,0.0,0.0,0.0,summer,Waning Gibbous,15.849999999999998,0.0,47.758333333333326,0.0,0,2,5,1
2013-09-23 09:15:00,0.5,Clear sky,20.0,medium,1.0,1.0,1.0,0.0,0.0,0.0,50.8,autumn,Waning Gibbous,25.4,0.0,15.849999999999998,764.0,0,0,5,0
2013-09-23 09:30:00,0.5,Clear sky,20.0,medium,0.0,1.0,1.0,0.0,0.0,0.0,75.2,autumn,Waning Gibbous,54.53333333333333,50.8,25.4,0.0,0,0,5,0
2013-09-23 09:45:00,0.5,Clear sky,20.0,medium,0.0,1.0,0.0,0.0,0.0,0.0,62.65,autumn,Waning Gibbous,64.85833333333333,75.2,54.53333333333333,0.0,0,0,5,0
2013-09-23 12:00:00,0.5,Clear sky,20.0,supra,1.0,1.0,0.0,0.0,0.0,0.0,13.0,autumn,Waning Gibbous,39.916666666666664,62.65,64.85833333333333,2.0,0,0,5,1
2013-09-23 12:30:00,0.5,Clear sky,20.0,supra,0.0,1.0,0.0,0.0,0.0,0.0,51.0,autumn,Waning Gibbous,40.275,13.0,39.916666666666664,0.0,0,0,5,1
2013-10-09 09:15:00,0.8,Cloudy,21.0,medium,1.0,1.0,1.0,0.0,0.0,0.0,63.6,autumn,Waning Crescent,50.96666666666667,51.0,40.275,380.0,1,0,4,0
2013-10-09 09:30:00,0.8,Cloudy,21.0,medium,1.0,1.0,1.0,0.0,0.0,0.0,61.9,autumn,Waxing Crescent,60.65,63.6,50.96666666666667,0.0,1,0,6,0
2013-10-09 09:45:00,0.8,Cloudy,21.0,medium,1.0,1.0,1.0,0.0,0.0,0.0,56.25,autumn,Waxing Crescent,59.358333333333334,61.9,60.65,0.0,1,0,6,0
2013-10-09 12:00:00,0.8,Cloudy,21.0,supra,1.0,1.0,0.0,0.0,0.0,0.0,92.0,autumn,Waxing Crescent,75.06666666666666,56.25,59.358333333333334,2.0,1,0,6,1
2013-10-09 12:30:00,0.8,Cloudy,21.0,supra,1.0,1.0,0.0,0.0,0.0,0.0,49.0,autumn,Waxing Crescent,64.54166666666666,92.0,75.06666666666666,0.0,1,0,6,1
2013-11-07 09:15:00,0.7,Cloudy,17.0,medium,0.0,1.0,1.0,0.0,0.0,0.0,23.0,autumn,Waning Crescent,43.166666666666664,49.0,64.54166666666666,692.0,1,0,4,0
2013-11-07 09:30:00,0.7,Cloudy,17.0,medium,1.0,1.0,1.0,0.0,0.0,0.0,29.0,autumn,Waxing Crescent,30.333333333333332,23.0,43.166666666666664,0.0,1,0,6,0
2013-11-07 09:45:00,0.7,Cloudy,17.0,medium,0.0,1.0,1.0,0.0,0.0,0.0,57.0,autumn,Waxing Crescent,42.0,29.0,30.333333333333332,0.0,1,0,6,0
2013-11-07 12:00:00,0.7,Cloudy,17.0,supra,1.0,1.0,0.0,0.0,0.0,0.0,92.9,autumn,Waxing Crescent,70.28333333333333,57.0,42.0,2.0,1,0,6,1
2013-11-07 12:30:00,0.7,Cloudy,17.0,supra,1.0,1.0,0.0,0.0,0.0,0.0,81.9,autumn,Waxing Crescent,81.41666666666667,92.9,70.28333333333333,0.0,1,0,6,1
2013-12-19 09:15:00,0.9,Clear sky,15.0,medium,1.0,1.0,0.0,0.0,0.0,0.0,98.9,autumn,Waxing Gibbous,92.23333333333333,81.9,81.41666666666667,1004.0,0,0,7,0
2013-12-19 09:30:00,0.9,Clear sky,15.0,medium,1.0,1.0,0.0,0.0,0.0,0.0,96.8,autumn,Waning Gibbous,95.01666666666667,98.9,92.23333333333333,0.0,0,0,5,0
2013-12-19 09:45:00,0.9,Clear sky,15.0,medium,0.0,1.0,0.0,0.0,0.0,0.0,49.2,autumn,Waning Gibbous,73.35,96.8,95.01666666666667,0.0,0,0,5,0
2013-12-19 12:15:00,0.9,Clear sky,15.0,supra,0.0,0.0,1.0,1.0,0.0,0.0,0.0,autumn,Waning Gibbous,32.53333333333333,49.2,73.35,2.0,0,0,5,1
2013-12-19 12:30:00,0.9,Clear sky,15.0,supra,0.0,1.0,1.0,0.0,0.0,0.0,9.0,autumn,Waning Gibbous,12.7,0.0,32.53333333333333,0.0,0,0,5,1
2014-01-16 09:15:00,0.9,Rain,15.0,medium,1.0,1.0,1.0,0.0,0.0,0.0,83.1,winter,Full Moon,44.55,9.0,12.7,668.0,3,3,0,0
2014-01-16 09:30:00,0.9,Rain,15.0,medium,0.0,1.0,0.0,0.0,0.0,0.0,66.75,winter,Full Moon,62.574999999999996,83.1,44.55,0.0,3,3,0,0
2014-01-16 09:45:00,0.9,Rain,15.0,medium,0.0,1.0,0.0,0.0,0.0,0.0,22.9,winter,Full Moon,47.55,66.75,62.574999999999996,0.0,3,3,0,0
2014-01-16 12:15:00,0.9,Rain,15.0,supra,1.0,1.0,0.0,0.0,0.0,0.0,33.7,winter,Full Moon,35.608333333333334,22.9,47.55,2.0,3,3,0,1
2014-01-16 12:30:00,0.9,Rain,15.0,supra,0.0,1.0,0.0,0.0,0.0,0.0,19.8,winter,Full Moon,24.950000000000003,33.7,35.608333333333334,0.0,3,3,0,1
2014-02-14 09:15:00,0.9,Rain,13.0,medium,0.0,1.0,0.0,0.0,0.0,0.0,91.2,winter,Full Moon,57.81666666666667,19.8,24.950000000000003,692.0,3,3,0,0
2014-02-14 09:30:00,0.9,Rain,13.0,medium,1.0,1.0,1.0,0.0,0.0,0.0,27.1,winter,Full Moon,47.25,91.2,57.81666666666667,0.0,3,3,0,0
2014-02-14 09:45:00,0.9,Rain,13.0,medium,1.0,1.0,0.0,0.0,0.0,0.0,37.25,winter,Full Moon,42.858333333333334,27.1,47.25,0.0,3,3,0,0
2014-02-14 12:15:00,0.9,Rain,13.0,supra,0.0,1.0,0.0,0.0,0.0,0.0,28.6,winter,Full Moon,31.233333333333334,37.25,42.858333333333334,2.0,3,3,0,1
2014-02-14 12:30:00,0.9,Rain,13.0,supra,0.0,1.0,0.0,0.0,0.0,0.0,2.0,winter,Full Moon,16.741666666666667,28.6,31.233333333333334,0.0,3,3,0,1
2014-03-05 09:15:00,0.8,Clear sky,14.0,medium,1.0,1.0,0.0,0.0,0.0,0.0,67.5,winter,Waning Crescent,39.18333333333334,2.0,16.741666666666667,452.0,0,3,4,0
2014-03-05 09:30:00,0.8,Clear sky,14.0,medium,0.0,1.0,1.0,0.0,0.0,0.0,77.9,winter,Waxing Crescent,61.78333333333333,67.5,39.18333333333334,0.0,0,3,6,0
2014-03-05 09:45:00,0.8,Clear sky,14.0,medium,0.0,1.0,0.0,0.0,0.0,0.0,85.7,winter,Waxing Crescent,80.06666666666666,77.9,61.78333333333333,0.0,0,3,6,0
2014-03-05 12:15:00,0.8,Clear sky,14.0,supra,0.0,1.0,0.0,0.0,0.0,0.0,24.85,winter,Waxing Crescent,53.974999999999994,85.7,80.06666666666666,2.0,0,3,6,1
2014-03-05 12:30:00,0.8,Clear sky,14.0,supra,0.0,1.0,0.0,0.0,0.0,0.0,17.1,winter,Waxing Crescent,31.116666666666667,24.85,53.974999999999994,0.0,0,3,6,1
2014-04-16 09:15:00,0.7,Cloudy,16.0,supra,0.0,1.0,0.0,0.0,0.0,0.0,0.0,spring,Waxing Gibbous,9.841666666666667,17.1,31.116666666666667,1004.0,1,1,7,1
2014-04-16 09:30:00,0.7,Cloudy,16.0,medium,0.0,1.0,1.0,0.0,0.0,0.0,96.5,spring,Waning Gibbous,51.1,0.0,9.841666666666667,0.0,1,1,5,0
2014-04-16 09:45:00,0.7,Cloudy,16.0,medium,1.0,1.0,1.0,0.0,0.0,0.0,98.3,spring,Waning Gibbous,81.31666666666666,96.5,51.1,0.0,1,1,5,0
2014-04-16 11:15:00,0.7,Cloudy,16.0,medium,0.0,1.0,1.0,0.0,0.0,0.0,99.2,spring,Waning Gibbous,98.44999999999999,98.3,81.31666666666666,1.0,1,1,5,0
2014-04-16 12:15:00,0.7,Cloudy,16.0,supra,0.0,1.0,0.0,0.0,0.0,0.0,0.0,spring,Waning Gibbous,49.449999999999996,99.2,98.44999999999999,1.0,1,1,5,1
2014-05-29 09:15:00,0.9,Rain,17.0,supra,0.0,1.0,0.0,0.0,0.0,0.0,23.7,spring,New Moon,28.383333333333333,0.0,49.449999999999996,1029.0,3,1,1,1
2014-05-29 09:30:00,0.9,Rain,17.0,medium,0.0,1.0,1.0,0.0,0.0,0.0,94.15,spring,New Moon,54.975,23.7,28.383333333333333,0.0,3,1,1,0
2014-05-29 09:45:00,0.9,Rain,17.0,medium,1.0,1.0,1.0,0.0,0.0,0.0,83.5,spring,New Moon,77.08333333333334,94.15,54.975,0.0,3,1,1,0
2014-05-29 11:15:00,0.9,Rain,17.0,medium,1.0,1.0,1.0,0.0,0.0,0.0,75.5,spring,New Moon,81.275,83.5,77.08333333333334,1.0,3,1,1,0
2014-05-29 12:15:00,0.9,Rain,17.0,supra,1.0,1.0,0.0,0.0,0.0,0.0,45.4,spring,New Moon,61.78333333333333,75.5,81.275,1.0,3,1,1,1
2014-06-12 09:15:00,0.8,Rain,18.0,supra,0.0,1.0,0.0,0.0,0.0,0.0,48.5,spring,Full Moon,51.96666666666667,45.4,61.78333333333333,333.0,3,1,0,1
2014-06-12 09:30:00,0.8,Rain,18.0,medium,1.0,1.0,0.0,0.0,0.0,0.0,88.7,spring,Full Moon,68.08333333333333,48.5,51.96666666666667,0.0,3,1,0,0
2014-06-12 09:45:00,0.8,Rain,18.0,medium,1.0,1.0,1.0,0.0,0.0,0.0,76.9,spring,Full Moon,76.1,88.7,68.08333333333333,0.0,3,1,0,0
2014-06-12 11:15:00,0.8,Rain,18.0,medium,0.0,1.0,0.0,0.0,0.0,0.0,99.4,spring,Full Moon,90.11666666666667,76.9,76.1,1.0,3,1,0,0
2014-06-12 12:15:00,0.8,Rain,18.0,supra,0.0,1.0,0.0,0.0,0.0,0.0,15.0,spring,Full Moon,53.45,99.4,90.11666666666667,1.0,3,1,0,1
2014-07-15 09:15:00,0.6,Clear sky,19.0,supra,0.0,1.0,0.0,0.0,0.0,0.0,0.0,summer,Waning Gibbous,21.566666666666666,15.0,53.45,789.0,0,2,5,1
2014-07-15 09:30:00,0.6,Clear sky,19.0,medium,0.0,1.0,0.0,0.0,0.0,0.0,99.7,summer,Waning Gibbous,52.35,0.0,21.566666666666666,0.0,0,2,5,0
2014-07-15 09:45:00,0.6,Clear sky,19.0,medium,1.0,1.0,0.0,0.0,0.0,0.0,98.3,summer,Waning Gibbous,82.38333333333333,99.7,52.35,0.0,0,2,5,0
2014-07-15 11:15:00,0.6,Clear sky,19.0,medium,0.0,1.0,1.0,0.0,0.0,0.0,90.2,summer,Waning Gibbous,94.48333333333333,98.3,82.38333333333333,1.0,0,2,5,0
2014-07-15 12:15:00,0.6,Clear sky,19.0,supra,0.0,1.0,0.0,0.0,0.0,0.0,19.0,summer,Waning Gibbous,55.95,90.2,94.48333333333333,1.0,0,2,5,1
2014-08-12 09:15:00,0.4,Clear sky,18.0,supra,1.0,1.0,0.0,0.0,0.0,0.0,75.7,summer,Waxing Gibbous,59.21666666666667,19.0,55.95,669.0,0,2,7,1
2014-08-12 09:30:00,0.4,Clear sky,18.0,medium,0.0,1.0,1.0,0.0,0.0,0.0,91.0,summer,Waning Gibbous,73.9,75.7,59.21666666666667,0.0,0,2,5,0
2014-08-12 09:45:00,0.4,Clear sky,18.0,medium,0.0,1.0,0.0,0.0,0.0,0.0,96.5,summer,Waning Gibbous,91.2,91.0,73.9,0.0,0,2,5,0
2014-08-12 11:15:00,0.4,Clear sky,18.0,medium,0.0,1.0,1.0,0.0,0.0,0.0,60.0,summer,Waning Gibbous,77.33333333333333,96.5,91.2,1.0,0,2,5,0
2014-08-12 12:15:00,0.4,Clear sky,18.0,supra,0.0,1.0,0.0,0.0,0.0,0.0,38.85,summer,Waning Gibbous,55.508333333333326,60.0,77.33333333333333,1.0,0,2,5,1
2014-09-11 09:15:00,0.4,Clear sky,20.0,supra,0.0,0.0,0.0,1.0,0.0,0.0,0.0,summer,Waning Gibbous,22.95,38.85,55.508333333333326,717.0,0,2,5,1
2014-09-11 09:30:00,0.4,Clear sky,20.0,medium,0.0,1.0,1.0,0.0,0.0,0.0,79.5,summer,Waning Gibbous,46.225,0.0,22.95,0.0,0,2,5,0
2014-09-11 09:45:00,0.4,Clear sky,20.0,medium,0.0,1.0,1.0,0.0,0.0,0.0,95.4,summer,Waning Gibbous,74.2,79.5,46.225,0.0,0,2,5,0
2014-09-11 11:15:00,0.4,Clear sky,20.0,medium,0.0,1.0,1.0,0.0,0.0,0.0,99.4,summer,Waning Gibbous,94.75,95.4,74.2,1.0,0,2,5,0
2014-09-11 12:15:00,0.4,Clear sky,20.0,supra,0.0,0.0,0.0,1.0,0.0,0.0,0.0,summer,Waning Gibbous,49.03333333333333,99.4,94.75,1.0,0,2,5,1
2014-10-27 09:15:00,0.8,Clear sky,19.0,supra,0.0,1.0,0.0,0.0,0.0,0.0,0.0,autumn,Waning Crescent,16.566666666666666,0.0,49.03333333333333,1101.0,0,0,4,1
2014-10-27 09:30:00,0.8,Clear sky,19.0,medium,0.0,1.0,0.0,0.0,0.0,0.0,82.2,autumn,Waxing Crescent,41.1,0.0,16.566666666666666,0.0,0,0,6,0
2014-10-27 09:45:00,0.8,Clear sky,19.0,medium,1.0,1.0,0.0,0.0,0.0,0.0,99.5,autumn,Waxing Crescent,77.15,82.2,41.1,0.0,0,0,6,0
2014-10-27 11:15:00,0.8,Clear sky,19.0,medium,0.0,1.0,0.0,0.0,0.0,0.0,51.3,autumn,Waxing Crescent,72.51666666666665,99.5,77.15,1.0,0,0,6,0
2014-10-27 12:15:00,0.8,Clear sky,19.0,supra,0.0,1.0,0.0,0.0,0.0,0.0,0.0,autumn,Waxing Crescent,33.68333333333333,51.3,72.51666666666665,1.0,0,0,6,1
2014-11-12 09:15:00,1.2,Clear sky,19.0,supra,0.0,1.0,0.0,0.0,0.0,0.0,72.6,autumn,Waxing Gibbous,44.849999999999994,0.0,33.68333333333333,381.0,0,0,7,1
2014-11-12 09:30:00,1.2,Clear sky,19.0,medium,0.0,1.0,1.0,0.0,0.0,0.0,39.1,autumn,Waning Gibbous,43.75,72.6,44.849999999999994,0.0,0,0,5,0
2014-11-12 09:45:00,1.2,Clear sky,19.0,medium,0.0,0.0,1.0,0.0,0.0,0.0,12.0,autumn,Waning Gibbous,31.133333333333333,39.1,43.75,0.0,0,0,5,0
2014-11-12 11:15:00,1.2,Clear sky,19.0,medium,0.0,0.0,1.0,0.0,0.0,0.0,40.0,autumn,Waning Gibbous,30.516666666666666,12.0,31.133333333333333,1.0,0,0,5,0
2014-11-12 12:15:00,1.2,Clear sky,19.0,supra,0.0,1.0,0.0,0.0,0.0,0.0,9.0,autumn,Waning Gibbous,19.833333333333332,40.0,30.516666666666666,1.0,0,0,5,1
2014-12-10 09:15:00,1.0,Clear sky,15.0,supra,0.0,1.0,0.0,0.0,0.0,0.0,0.0,autumn,Waxing Gibbous,9.666666666666666,9.0,19.833333333333332,669.0,0,0,7,1
2014-12-10 09:30:00,1.0,Clear sky,15.0,medium,0.0,1.0,1.0,0.0,0.0,0.0,30.1,autumn,Waning Gibbous,16.55,0.0,9.666666666666666,0.0,0,0,5,0
2014-12-10 09:45:00,1.0,Clear sky,15.0,medium,0.0,1.0,1.0,0.0,0.0,0.0,41.6,autumn,Waning Gibbous,30.833333333333336,30.1,16.55,0.0,0,0,5,0
2014-12-10 11:15:00,1.0,Clear sky,15.0,medium,0.0,1.0,1.0,0.0,0.0,0.0,41.0,autumn,Waning Gibbous,39.38333333333333,41.6,30.833333333333336,1.0,0,0,5,0
2014-12-10 12:15:00,1.0,Clear sky,15.0,supra,0.0,1.0,0.0,0.0,0.0,0.0,0.0,autumn,Waning Gibbous,20.6,41.0,39.38333333333333,1.0,0,0,5,1
2015-01-07 09:15:00,0.8,Clear sky,13.0,supra,0.0,1.0,0.0,0.0,0.0,0.0,0.0,winter,Waxing Gibbous,6.833333333333333,0.0,20.6,669.0,0,3,7,1
2015-01-07 09:30:00,0.8,Clear sky,13.0,medium,1.0,1.0,0.0,0.0,0.0,0.0,75.25,winter,Waning Gibbous,37.625,0.0,6.833333333333333,0.0,0,3,5,0
2015-01-07 09:45:00,0.8,Clear sky,13.0,medium,0.0,1.0,0.0,0.0,0.0,0.0,70.3,winter,Waning Gibbous,60.233333333333334,75.25,37.625,0.0,0,3,5,0
2015-01-07 11:15:00,0.8,Clear sky,13.0,medium,1.0,1.0,0.0,0.0,0.0,0.0,37.3,winter,Waning Gibbous,54.62499999999999,70.3,60.233333333333334,1.0,0,3,5,0
2015-01-07 12:15:00,0.8,Clear sky,13.0,supra,0.0,1.0,0.0,0.0,0.0,0.0,0.0,winter,Waning Gibbous,24.15,37.3,54.62499999999999,1.0,0,3,5,1
2015-02-04 09:15:00,0.8,Clear sky,11.0,supra,0.0,1.0,0.0,0.0,0.0,0.0,18.0,winter,Full Moon,15.216666666666665,0.0,24.15,669.0,0,3,0,1
2015-02-04 09:30:00,0.8,Clear sky,11.0,medium,1.0,1.0,0.0,0.0,0.0,0.0,35.65,winter,Full Moon,23.825,18.0,15.216666666666665,0.0,0,3,0,0
2015-02-04 09:45:00,0.8,Clear sky,11.0,medium,0.0,1.0,0.0,0.0,0.0,0.0,99.2,winter,Full Moon,64.48333333333333,35.65,23.825,0.0,0,3,0,0
2015-02-04 11:15:00,0.8,Clear sky,11.0,medium,0.0,1.0,0.0,0.0,0.0,0.0,99.7,winter,Full Moon,88.85833333333332,99.2,64.48333333333333,1.0,0,3,0,0
2015-02-04 12:15:00,0.8,Clear sky,11.0,supra,0.0,1.0,0.0,0.0,0.0,0.0,0.1,winter,Full Moon,49.81666666666666,99.7,88.85833333333332,1.0,0,3,0,1
2015-03-20 09:15:00,0.3,Clear sky,14.0,supra,0.0,1.0,0.0,0.0,0.0,0.0,59.0,winter,New Moon,46.150000000000006,0.1,49.81666666666666,1053.0,0,3,1,1
2015-03-20 09:30:00,0.3,Clear sky,14.0,medium,0.0,1.0,1.0,0.0,0.0,0.0,40.3,winter,New Moon,39.83333333333333,59.0,46.150000000000006,0.0,0,3,1,0
2015-03-20 09:45:00,0.3,Clear sky,14.0,medium,0.0,1.0,1.0,0.0,0.0,0.0,10.8,winter,New Moon,28.666666666666664,40.3,39.83333333333333,0.0,0,3,1,0
2015-03-20 11:15:00,0.3,Clear sky,14.0,medium,1.0,1.0,1.0,0.0,0.0,0.0,87.7,winter,New Moon,54.16666666666667,10.8,28.666666666666664,1.0,0,3,1,0
2015-03-20 12:15:00,0.3,Clear sky,14.0,supra,0.0,1.0,0.0,0.0,0.0,0.0,83.4,winter,New Moon,72.73333333333333,87.7,54.16666666666667,1.0,0,3,1,1
2015-04-21 09:15:00,0.6,Clear sky,17.0,supra,0.0,0.0,0.0,1.0,0.0,0.0,0.0,spring,Waxing Crescent,42.41666666666667,83.4,72.73333333333333,765.0,0,1,6,1
2015-04-21 09:30:00,0.6,Clear sky,17.0,medium,0.0,1.0,1.0,0.0,0.0,0.0,65.3,spring,Waxing Crescent,46.55,0.0,42.41666666666667,0.0,0,1,6,0
2015-04-21 09:45:00,0.6,Clear sky,17.0,medium,0.0,1.0,0.0,0.0,0.0,0.0,92.0,spring,Waxing Crescent,67.76666666666667,65.3,46.55,0.0,0,1,6,0
2015-04-21 11:15:00,0.6,Clear sky,17.0,medium,0.0,1.0,0.0,0.0,0.0,0.0,42.8,spring,Waxing Crescent,62.949999999999996,92.0,67.76666666666667,1.0,0,1,6,0
2015-04-21 12:15:00,0.6,Clear sky,17.0,supra,0.0,1.0,0.0,0.0,0.0,0.0,71.1,spring,Waxing Crescent,65.14999999999999,42.8,62.949999999999996,1.0,0,1,6,1
2015-05-19 09:15:00,0.7,Clear sky,17.0,supra,1.0,1.0,0.0,0.0,0.0,0.0,61.9,spring,Waning Crescent,61.78333333333333,71.1,65.14999999999999,669.0,0,1,4,1
2015-05-19 09:30:00,0.7,Clear sky,17.0,medium,0.0,1.0,0.0,0.0,0.0,0.0,96.7,spring,Waxing Crescent,80.83333333333334,61.9,61.78333333333333,0.0,0,1,6,0
2015-05-19 09:45:00,0.7,Clear sky,17.0,medium,0.0,1.0,0.0,0.0,0.0,0.0,98.4,spring,Waxing Crescent,91.75,96.7,80.83333333333334,0.0,0,1,6,0
2015-05-19 11:15:00,0.7,Clear sky,17.0,medium,0.0,1.0,0.0,0.0,0.0,0.0,60.9,spring,Waxing Crescent,79.36666666666666,98.4,91.75,1.0,0,1,6,0
2015-05-19 12:15:00,0.7,Clear sky,17.0,supra,0.0,1.0,0.0,0.0,0.0,0.0,4.1,spring,Waxing Crescent,38.74999999999999,60.9,79.36666666666666,1.0,0,1,6,1
2015-06-18 09:15:00,0.8,Clear sky,19.0,supra,0.0,1.0,0.0,0.0,0.0,0.0,40.0,spring,Waxing Crescent,31.516666666666666,4.1,38.74999999999999,717.0,0,1,6,1
2015-06-18 09:30:00,0.8,Clear sky,19.0,medium,0.0,1.0,0.0,0.0,0.0,0.0,49.3,spring,Waxing Crescent,38.666666666666664,40.0,31.516666666666666,0.0,0,1,6,0
2015-06-18 09:45:00,0.8,Clear sky,19.0,medium,0.0,1.0,0.0,0.0,0.0,0.0,44.5,spring,Waxing Crescent,45.349999999999994,49.3,38.666666666666664,0.0,0,1,6,0
2015-06-18 11:15:00,0.8,Clear sky,19.0,medium,0.0,1.0,0.0,0.0,0.0,0.0,49.5,spring,Waxing Crescent,47.8,44.5,45.349999999999994,1.0,0,1,6,0
2015-06-18 12:15:00,0.8,Clear sky,19.0,supra,0.0,1.0,0.0,0.0,0.0,0.0,11.5,spring,Waxing Crescent,29.666666666666664,49.5,47.8,1.0,0,1,6,1
2015-07-17 09:15:00,0.9,Cloudy,18.0,supra,1.0,1.0,0.0,0.0,0.0,0.0,89.8,summer,Waning Crescent,56.983333333333334,11.5,29.666666666666664,693.0,1,2,4,1
2015-07-17 09:30:00,0.9,Cloudy,18.0,medium,1.0,1.0,1.0,0.0,0.0,0.0,88.9,summer,Waxing Crescent,76.3,89.8,56.983333333333334,0.0,1,2,6,0
2015-07-17 09:45:00,0.9,Cloudy,18.0,medium,0.0,1.0,0.0,0.0,0.0,0.0,88.2,summer,Waxing Crescent,88.69999999999999,88.9,76.3,0.0,1,2,6,0
2015-07-17 11:15:00,0.9,Cloudy,18.0,medium,0.0,1.0,1.0,0.0,0.0,0.0,88.6,summer,Waxing Crescent,88.51666666666667,88.2,88.69999999999999,1.0,1,2,6,0
2015-07-17 12:15:00,0.9,Cloudy,18.0,supra,1.0,1.0,0.0,0.0,0.0,0.0,80.0,summer,Waxing Crescent,84.23333333333333,88.6,88.51666666666667,1.0,1,2,6,1
2015-08-19 09:15:00,1.1,Clear sky,17.0,supra,1.0,1.0,0.0,0.0,0.0,0.0,15.6,summer,Waxing Crescent,49.23333333333333,80.0,84.23333333333333,789.0,0,2,6,1
2015-08-19 09:30:00,1.1,Clear sky,17.0,medium,1.0,1.0,0.0,0.0,0.0,0.0,48.5,summer,Waxing Crescent,42.78333333333333,15.6,49.23333333333333,0.0,0,2,6,0
2015-08-19 09:45:00,1.1,Clear sky,17.0,medium,1.0,1.0,0.0,0.0,0.0,0.0,60.25,summer,Waxing Crescent,48.891666666666666,48.5,42.78333333333333,0.0,0,2,6,0
2015-08-19 11:15:00,1.1,Clear sky,17.0,medium,0.0,1.0,0.0,0.0,0.0,0.0,66.9,summer,Waxing Crescent,61.61666666666667,60.25,48.891666666666666,1.0,0,2,6,0
2015-08-19 12:15:00,1.1,Clear sky,17.0,supra,0.0,1.0,0.0,0.0,0.0,0.0,0.5,summer,Waxing Crescent,32.59166666666667,66.9,61.61666666666667,1.0,0,2,6,1
2015-09-16 09:15:00,0.9,Cloudy,17.0,supra,0.0,1.0,0.0,0.0,0.0,0.0,20.1,summer,Waning Crescent,21.366666666666667,0.5,32.59166666666667,669.0,1,2,4,1
2015-09-16 09:30:00,0.9,Cloudy,17.0,medium,0.0,1.0,0.0,0.0,0.0,0.0,85.4,summer,Waxing Crescent,49.483333333333334,20.1,21.366666666666667,0.0,1,2,6,0
2015-09-16 09:45:00,0.9,Cloudy,17.0,medium,0.0,1.0,0.0,0.0,0.0,0.0,86.95,summer,Waxing Crescent,75.29166666666667,85.4,49.483333333333334,0.0,1,2,6,0
2015-09-16 11:15:00,0.9,Cloudy,17.0,medium,0.0,1.0,0.0,0.0,0.0,0.0,69.9,summer,Waxing Crescent,78.16666666666667,86.95,75.29166666666667,1.0,1,2,6,0
2015-09-16 12:15:00,0.9,Cloudy,17.0,supra,0.0,1.0,0.0,0.0,0.0,0.0,15.7,summer,Waxing Crescent,45.64166666666667,69.9,78.16666666666667,1.0,1,2,6,1
2015-09-16 12:15:00,0.7,Clear sky,18.0,medium,0.0,1.0,0.0,0.0,0.0,0.0,51.85999999999999,summer,None,42.81333333333333,15.7,45.64166666666667,0.0,0,2,2,0
2015-11-26 08:00:00,0.5,Clear sky,16.0,medium,0.0,1.0,0.0,0.0,0.0,0.0,56.9,autumn,Full Moon,48.353333333333325,51.85999999999999,42.81333333333333,1699.0,0,0,0,0
2015-12-16 09:00:00,0.9,Clear sky,16.0,medium,0.0,1.0,0.0,0.0,0.0,0.0,51.16,autumn,Waning Crescent,53.19,56.9,48.353333333333325,481.0,0,0,4,0
2016-01-11 09:15:00,0.64,Clear sky,16.0,medium,0.0,1.0,0.0,0.0,0.0,0.0,34.36,winter,Waning Crescent,43.71666666666666,51.16,53.19,624.0,0,3,4,0
2016-02-22 08:00:00,0.8,Clear sky,14.0,medium,0.0,1.0,0.0,0.0,0.0,0.0,66.4,winter,Full Moon,53.18,34.36,43.71666666666666,1006.0,0,3,0,0
2016-03-22 08:00:00,0.83,Clear sky,14.0,medium,0.0,1.0,0.0,0.0,0.0,0.0,58.96,spring,Waning Gibbous,57.34,66.4,53.18,696.0,0,1,5,0
2016-04-20 09:30:00,0.9,Clear sky,15.0,medium,0.0,1.0,0.0,0.0,0.0,0.0,28.18,spring,Waning Gibbous,44.81,58.96,57.34,697.0,0,1,5,0
2016-05-07 08:00:00,0.42,Clear sky,15.0,medium,0.0,1.0,1.0,0.0,0.0,0.0,43.68000000000001,spring,New Moon,41.06,28.18,44.81,406.0,0,1,1,0
2016-06-22 08:30:00,0.9,Clear sky,17.0,medium,0.0,1.0,0.0,0.0,0.0,0.0,49.9,summer,Waxing Gibbous,44.20666666666666,43.68000000000001,41.06,1104.0,0,2,7,0
2016-07-20 09:00:00,0.85,Clear sky,19.0,medium,0.0,1.0,0.0,0.0,0.0,0.0,59.42999999999999,summer,Full Moon,53.62833333333333,49.9,44.20666666666666,672.0,0,2,0,0
2016-11-02 08:00:00,0.9,Clear sky,19.2,medium,0.0,1.0,1.0,0.0,0.0,0.0,78.7625,autumn,Waning Crescent,67.50791666666666,59.42999999999999,53.62833333333333,2519.0,0,0,4,0
2016-11-17 09:00:00,0.5,Clear sky,17.0,medium,0.0,1.0,0.0,0.0,0.0,0.0,61.3,autumn,Waxing Gibbous,66.80916666666667,78.7625,67.50791666666666,361.0,0,0,7,0
2016-12-16 09:40:00,0.5,Rain,15.0,medium,0.0,0.0,1.0,0.0,0.0,0.0,49.3,autumn,Waxing Gibbous,58.21041666666666,61.3,66.80916666666667,696.0,3,0,7,0
2017-01-13 10:00:00,0.67,Cloudy,15.0,medium,0.0,1.0,0.0,0.0,0.0,0.0,89.97,winter,Waxing Gibbous,71.63499999999999,49.3,58.21041666666666,672.0,1,3,7,0
2017-02-14 09:15:00,0.8,Cloudy,15.4,medium,0.0,1.0,1.0,0.0,0.0,0.0,60.9,winter,Waning Gibbous,68.65666666666667,89.97,71.63499999999999,767.0,1,3,5,0
2017-03-01 09:30:00,0.508,Cloudy,14.5,medium,0.0,1.0,1.0,0.0,0.0,0.0,63.17999999999999,winter,Waning Crescent,66.88499999999999,60.9,68.65666666666667,360.0,1,3,4,0
2017-04-11 08:45:00,0.7,Cloudy,16.2,medium,0.0,1.0,0.0,0.0,0.0,0.0,83.97999999999999,spring,Full Moon,73.19999999999999,63.17999999999999,66.88499999999999,983.0,1,1,0,0
2017-05-24 08:00:00,0.64,Clear sky,17.8,medium,0.0,1.0,0.0,0.0,0.0,0.0,48.5,spring,Waning Crescent,62.773333333333326,83.97999999999999,73.19999999999999,1031.0,0,1,4,0
2017-06-27 09:30:00,0.78,Clear sky,20.0,medium,1.0,1.0,0.0,0.0,0.0,0.0,75.24000000000001,summer,Waxing Crescent,67.78333333333333,48.5,62.773333333333326,817.0,0,2,6,0
2017-07-26 09:30:00,0.71,Clear sky,17.0,medium,0.0,1.0,0.0,0.0,0.0,0.0,44.18,summer,Waning Crescent,55.25333333333333,75.24000000000001,67.78333333333333,696.0,0,2,4,0
2017-08-10 09:20:00,0.82,Clear sky,16.5,medium,1.0,1.0,1.0,0.0,0.0,0.0,40.580000000000005,summer,Waxing Gibbous,47.55666666666667,44.18,55.25333333333333,359.0,0,2,7,0
2017-09-08 09:00:00,0.66,Clear sky,17.9,medium,0.0,1.0,0.0,0.0,0.0,0.0,51.660000000000004,summer,Waxing Gibbous,46.72,40.580000000000005,47.55666666666667,695.0,0,2,7,0
2017-10-23 09:30:00,0.96,Clear sky,16.9,medium,0.0,1.0,0.0,0.0,0.0,0.0,35.96,autumn,Waning Crescent,41.96333333333334,51.660000000000004,46.72,1080.0,0,0,4,0
2017-11-08 09:10:00,0.76,Clear sky,17.5,medium,0.0,1.0,0.0,0.0,0.0,0.0,41.38,autumn,Waxing Gibbous,41.28666666666666,35.96,41.96333333333334,383.0,0,0,7,0
2017-12-07 09:40:00,0.66,Fairly Cloudy,14.9,medium,0.0,1.0,0.0,0.0,0.0,0.0,61.839999999999996,autumn,Waxing Gibbous,50.70666666666666,41.38,41.28666666666666,696.0,2,0,7,0
2018-01-19 08:45:00,0.87,Fairly Cloudy,14.1,medium,0.0,1.0,0.0,0.0,0.0,0.0,35.019999999999996,winter,Waning Crescent,45.019999999999996,61.839999999999996,50.70666666666666,1031.0,2,3,4,0
2018-02-20 09:00:00,0.87,Clear sky,13.2,medium,0.0,1.0,0.0,0.0,0.0,0.0,56.86,winter,Waxing Crescent,50.41,35.019999999999996,45.019999999999996,768.0,0,3,6,0
2018-05-28 09:00:00,0.8,Cloudy,19.0,medium,0.0,1.0,0.0,0.0,0.0,0.0,57.220000000000006,spring,Waxing Gibbous,53.400000000000006,56.86,50.41,2328.0,1,1,7,0
2018-07-12 09:00:00,0.5,Cloudy,18.0,medium,0.0,1.0,0.0,0.0,0.0,0.0,56.32000000000001,summer,New Moon,56.71000000000001,57.220000000000006,53.400000000000006,1080.0,1,2,1,0
2019-07-06 08:30:00,0.8,Cloudy,20.0,medium,0.0,1.0,0.0,0.0,0.0,0.0,64.45,summer,Waxing Crescent,60.535000000000004,56.32000000000001,56.71000000000001,8615.0,1,2,6,0
2019-10-21 10:30:00,1.4,Sunny,16.0,medium,0.0,0.0,0.0,0.0,0.0,1.0,0.125,autumn,Waxing Gibbous,30.9325,64.45,60.535000000000004,2570.0,4,0,7,0
2019-10-21 11:00:00,1.4,Sunny,16.0,supra,0.0,1.0,0.0,0.0,0.0,0.0,71.0,autumn,Third Quarter,46.28333333333333,0.125,30.9325,0.0,4,0,3,1
2019-10-21 11:00:00,0.4,Sunny,17.0,medium,0.0,1.0,0.0,0.0,0.0,0.0,85.24999999999999,autumn,None,66.31249999999999,71.0,46.28333333333333,0.0,4,0,2,0
2020-11-16 08:00:00,0.4,Sunny,18.0,medium,0.0,1.0,0.0,0.0,0.0,0.0,82.14000000000001,autumn,Waning Crescent,81.32,85.24999999999999,66.31249999999999,9405.0,4,0,4,0
